<?xml version="1.0" standalone="yes"?>
<?xml-stylesheet href="x2script.xsl" type="text/xsl"?>
<!-- Generated using X-Studio -->
<script>
	<name>al.plugin.zanzal.asteroidprotector</name>
	<version>1</version>
	<engineversion>50</engineversion>
	<description></description>
	<arguments>
		<argument index="1" name="plugin.ID" type="Value" desc="" />
		<argument index="2" name="plugin.event" type="Value" desc="" />
	</arguments>
	<sourcetext>
		<line linenr="001" indent="">
			<comment>* ************************************************</comment>
		</line>
		<line linenr="002" indent="">
			<comment>* SCRIPT NAME: al.plugin.zanzal.asteroidprotector.xml</comment>
		</line>
		<line linenr="003" indent="">
			<comment>* DESCRIPTION: </comment>
		</line>
		<line linenr="004" indent="">
			<comment>* </comment>
		</line>
		<line linenr="005" indent="">
			<comment>* AUTHOR: Zanzal         DATE: 27 January 2014</comment>
		</line>
		<line linenr="006" indent="">
			<comment>* ************************************************</comment>
		</line>
		<line linenr="007" indent="">
			<comment>* ATTRIBUTIONS = Code used from these authors:</comment>
		</line>
		<line linenr="008" indent="">
			<comment>* Serial Kicked - Template taken from SK's ECS example 'dummy' scripts</comment>
		</line>
		<line linenr="009" indent="">
			<comment>* Gazz - A few lines from one of Gazz's scripts thrown in for good measure</comment>
		</line>
		<line linenr="010" indent="">
			<comment>* ************************************************</comment>
		</line>
		<line linenr="011" indent="">
			<comment>* LICENSE: CC-BY-SA 4.0 International - http://creativecommons.org/licenses/by-sa/4.0/legalcode</comment>
		</line>
		<line linenr="012" indent="">
			<comment>* ************************************************</comment>
		</line>
		<line linenr="013" indent="" />
		<line linenr="014" indent="">
			<comment>* These 4 lines I used from Gazz's follow me script. </comment>
		</line>
		<line linenr="015" indent="">
			<text>if</text>
			<text> </text>
			<var>$plugin.ID</var>
			<text> </text>
			<text>==</text>
			<text> </text>
			<var>null</var>
			<text> </text>
			<text>AND</text>
			<text> </text>
			<var>$plugin.event</var>
			<text> </text>
			<text>==</text>
			<text> </text>
			<var>null</var>
		</line>
		<line linenr="016" indent="&#160;">
			<text>al</text>
			<text> </text>
			<text>engine</text>
			<text>:</text>
			<text> </text>
			<text>register</text>
			<text> </text>
			<text>script</text>
			<text>=</text>
			<call>al.plugin.zanzal.asteroidprotector</call>
		</line>
		<line linenr="017" indent="&#160;">
			<text>return</text>
			<text> </text>
			<var>null</var>
		</line>
		<line linenr="018" indent="">
			<text>end</text>
		</line>
		<line linenr="019" indent="" />
		<line linenr="020" indent="">
			<comment>* NOTE: I am not sure why other plugins use a stub that registers a different </comment>
		</line>
		<line linenr="021" indent="">
			<comment>* script instead of just putting it in the main. Even ECS does it like that...</comment>
		</line>
		<line linenr="022" indent="" />
		<line linenr="023" indent="">
			<comment>* Indexes for our plugin global data array to help make code easier to understand.</comment>
		</line>
		<line linenr="024" indent="">
			<var>$VARIDX_VERSION</var>
			<text> </text>
			<text>=</text>
			<text> </text>
			<var>0</var>
		</line>
		<line linenr="025" indent="">
			<var>$VARIDX_ENABLED</var>
			<text> </text>
			<text>=</text>
			<text> </text>
			<var>1</var>
		</line>
		<line linenr="026" indent="">
			<var>$VARIDX_ASTEROIDS</var>
			<text> </text>
			<text>=</text>
			<text> </text>
			<var>2</var>
		</line>
		<line linenr="027" indent="">
			<var>$VARIDX_PROTECT</var>
			<text> </text>
			<text>=</text>
			<text> </text>
			<var>3</var>
		</line>
		<line linenr="028" indent="">
			<var>$VARIDX_SECTOR</var>
			<text> </text>
			<text>=</text>
			<text> </text>
			<var>4</var>
		</line>
		<line linenr="029" indent="">
			<var>$plugin.Vars</var>
			<text> </text>
			<text>=</text>
			<text> </text>
			<text>get</text>
			<text> </text>
			<text>global</text>
			<text> </text>
			<text>variable</text>
			<text>:</text>
			<text> </text>
			<text>name</text>
			<text>=</text>
			<var>$plugin.ID</var>
		</line>
		<line linenr="030" indent="">
			<text>if</text>
			<text> </text>
			<text>not</text>
			<text> </text>
			<var>$plugin.Vars</var>
		</line>
		<line linenr="031" indent="&#160;">
			<var>$plugin.Vars</var>
			<text> </text>
			<text>=</text>
			<text> </text>
			<text>array</text>
			<text> </text>
			<text>alloc</text>
			<text>:</text>
			<text> </text>
			<text>size</text>
			<text>=</text>
			<var>10</var>
		</line>
		<line linenr="032" indent="&#160;">
			<text>set</text>
			<text> </text>
			<text>global</text>
			<text> </text>
			<text>variable</text>
			<text>:</text>
			<text> </text>
			<text>name</text>
			<text>=</text>
			<var>$plugin.ID</var>
			<text> </text>
			<text>value</text>
			<text>=</text>
			<var>$plugin.Vars</var>
		</line>
		<line linenr="033" indent="&#160;">
			<comment>* Plugin Data Version</comment>
		</line>
		<line linenr="034" indent="&#160;">
			<var>$plugin.Vars</var>
			<text>[</text>
			<var>$VARIDX_VERSION</var>
			<text>]</text>
			<text> </text>
			<text>=</text>
			<text> </text>
			<var>0</var>
		</line>
		<line linenr="035" indent="&#160;">
			<comment>* Plugin Off by Default</comment>
		</line>
		<line linenr="036" indent="&#160;">
			<var>$plugin.Vars</var>
			<text>[</text>
			<var>$VARIDX_ENABLED</var>
			<text>]</text>
			<text> </text>
			<text>=</text>
			<text> </text>
			<var>[FALSE]</var>
		</line>
		<line linenr="037" indent="&#160;">
			<var>$asteroids.protected</var>
			<text> </text>
			<text>=</text>
			<text> </text>
			<text>array</text>
			<text> </text>
			<text>alloc</text>
			<text>:</text>
			<text> </text>
			<text>size</text>
			<text> </text>
			<text>=</text>
			<text> </text>
			<var>0</var>
		</line>
		<line linenr="038" indent="&#160;">
			<comment>* Plugin Off by Default</comment>
		</line>
		<line linenr="039" indent="&#160;">
			<var>$plugin.Vars</var>
			<text>[</text>
			<var>$VARIDX_ASTEROIDS</var>
			<text>]</text>
			<text> </text>
			<text>=</text>
			<text> </text>
			<var>$asteroids.protected</var>
		</line>
		<line linenr="040" indent="&#160;">
			<comment>* AL pileup protection</comment>
		</line>
		<line linenr="041" indent="&#160;">
			<var>$plugin.Vars</var>
			<text>[</text>
			<var>$VARIDX_PROTECT</var>
			<text>]</text>
			<text> </text>
			<text>=</text>
			<text> </text>
			<var>[FALSE]</var>
		</line>
		<line linenr="042" indent="&#160;">
			<comment>* Protected Sector</comment>
		</line>
		<line linenr="043" indent="&#160;">
			<var>$plugin.Vars</var>
			<text>[</text>
			<var>$VARIDX_SECTOR</var>
			<text>]</text>
			<text> </text>
			<text>=</text>
			<text> </text>
			<var>null</var>
		</line>
		<line linenr="044" indent="">
			<text>else</text>
		</line>
		<line linenr="045" indent="&#160;">
			<var>$asteroids.protected</var>
			<text> </text>
			<text>=</text>
			<text> </text>
			<var>$plugin.Vars</var>
			<text>[</text>
			<var>$VARIDX_ASTEROIDS</var>
			<text>]</text>
		</line>
		<line linenr="046" indent="">
			<text>end</text>
		</line>
		<line linenr="047" indent="" />
		<line linenr="048" indent="">
			<text>if</text>
			<text> </text>
			<var>$plugin.event</var>
			<text> </text>
			<text>==</text>
			<text> </text>
			<text>'init'</text>
			<text> </text>
			<text>OR</text>
			<text> </text>
			<var>$plugin.event</var>
			<text> </text>
			<text>==</text>
			<text> </text>
			<text>'reinit'</text>
		</line>
		<line linenr="049" indent="&#160;">
			<comment>* init and reinit are run every time the game loads</comment>
		</line>
		<line linenr="050" indent="&#160;">
			<text>al</text>
			<text> </text>
			<text>engine</text>
			<text>:</text>
			<text> </text>
			<text>set</text>
			<text> </text>
			<text>plugin</text>
			<text> </text>
			<var>$plugin.ID</var>
			<text> </text>
			<text>description</text>
			<text> </text>
			<text>to</text>
			<text> </text>
			<text>'Asteroid Protector'</text>
		</line>
		<line linenr="051" indent="&#160;">
			<text>if</text>
			<text> </text>
			<text>not</text>
			<text> </text>
			<var>$plugin.Vars</var>
			<text>[</text>
			<var>$VARIDX_ENABLED</var>
			<text>]</text>
		</line>
		<line linenr="052" indent="&#160;&#160;">
			<text>al</text>
			<text> </text>
			<text>engine</text>
			<text>:</text>
			<text> </text>
			<text>set</text>
			<text> </text>
			<text>plugin</text>
			<text> </text>
			<var>$plugin.ID</var>
			<text> </text>
			<text>timer</text>
			<text> </text>
			<text>interval</text>
			<text> </text>
			<text>to</text>
			<text> </text>
			<var>30</var>
			<text> </text>
			<text>s</text>
		</line>
		<line linenr="053" indent="&#160;">
			<text>else</text>
		</line>
		<line linenr="054" indent="&#160;&#160;">
			<text>al</text>
			<text> </text>
			<text>engine</text>
			<text>:</text>
			<text> </text>
			<text>set</text>
			<text> </text>
			<text>plugin</text>
			<text> </text>
			<var>$plugin.ID</var>
			<text> </text>
			<text>timer</text>
			<text> </text>
			<text>interval</text>
			<text> </text>
			<text>to</text>
			<text> </text>
			<var>2</var>
			<text> </text>
			<text>s</text>
		</line>
		<line linenr="055" indent="&#160;">
			<text>end</text>
		</line>
		<line linenr="056" indent="">
			<text>else</text>
			<text> </text>
			<text>if</text>
			<text> </text>
			<var>$plugin.event</var>
			<text> </text>
			<text>==</text>
			<text> </text>
			<text>'isenabled'</text>
		</line>
		<line linenr="057" indent="&#160;">
			<comment>* assume this is called by the X3 engine to check if the AL script is running.</comment>
		</line>
		<line linenr="058" indent="&#160;">
			<text>al</text>
			<text> </text>
			<text>engine</text>
			<text>:</text>
			<text> </text>
			<text>set</text>
			<text> </text>
			<text>plugin</text>
			<text> </text>
			<var>$plugin.ID</var>
			<text> </text>
			<text>description</text>
			<text> </text>
			<text>to</text>
			<text> </text>
			<text>'Asteroid Protector'</text>
		</line>
		<line linenr="059" indent="&#160;">
			<var>$enabled</var>
			<text> </text>
			<text>=</text>
			<text> </text>
			<var>$plugin.Vars</var>
			<text>[</text>
			<var>$VARIDX_ENABLED</var>
			<text>]</text>
		</line>
		<line linenr="060" indent="&#160;">
			<text>return</text>
			<text> </text>
			<var>$enabled</var>
		</line>
		<line linenr="061" indent="">
			<text>else</text>
			<text> </text>
			<text>if</text>
			<text> </text>
			<var>$plugin.event</var>
			<text> </text>
			<text>==</text>
			<text> </text>
			<text>'start'</text>
		</line>
		<line linenr="062" indent="&#160;">
			<comment>* Use this area to process special instructions when the plugin is toggled on</comment>
		</line>
		<line linenr="063" indent="&#160;">
			<text>if</text>
			<text> </text>
			<text>not</text>
			<text> </text>
			<var>$plugin.Vars</var>
			<text>[</text>
			<var>$VARIDX_ENABLED</var>
			<text>]</text>
		</line>
		<line linenr="064" indent="&#160;&#160;">
			<var>$plugin.Vars</var>
			<text>[</text>
			<var>$VARIDX_ENABLED</var>
			<text>]</text>
			<text> </text>
			<text>=</text>
			<text> </text>
			<var>[TRUE]</var>
		</line>
		<line linenr="065" indent="&#160;&#160;">
			<text>gosub</text>
			<text> </text>
			<var>protect_sector</var>
			<text>:</text>
		</line>
		<line linenr="066" indent="&#160;">
			<text>end</text>
		</line>
		<line linenr="067" indent="&#160;">
			<text>al</text>
			<text> </text>
			<text>engine</text>
			<text>:</text>
			<text> </text>
			<text>set</text>
			<text> </text>
			<text>plugin</text>
			<text> </text>
			<var>$plugin.ID</var>
			<text> </text>
			<text>timer</text>
			<text> </text>
			<text>interval</text>
			<text> </text>
			<text>to</text>
			<text> </text>
			<var>2</var>
			<text> </text>
			<text>s</text>
		</line>
		<line linenr="068" indent="">
			<text>else</text>
			<text> </text>
			<text>if</text>
			<text> </text>
			<var>$plugin.event</var>
			<text> </text>
			<text>==</text>
			<text> </text>
			<text>'stop'</text>
		</line>
		<line linenr="069" indent="&#160;">
			<comment>* Use this area to process special instructions when the plugin is toggled off</comment>
		</line>
		<line linenr="070" indent="&#160;">
			<text>if</text>
			<text> </text>
			<var>$plugin.Vars</var>
			<text>[</text>
			<var>$VARIDX_ENABLED</var>
			<text>]</text>
		</line>
		<line linenr="071" indent="&#160;&#160;">
			<var>$plugin.Vars</var>
			<text>[</text>
			<var>$VARIDX_ENABLED</var>
			<text>]</text>
			<text> </text>
			<text>=</text>
			<text> </text>
			<var>[FALSE]</var>
		</line>
		<line linenr="072" indent="&#160;&#160;">
			<text>gosub</text>
			<text> </text>
			<var>unprotect_sector</var>
			<text>:</text>
		</line>
		<line linenr="073" indent="&#160;">
			<text>end</text>
		</line>
		<line linenr="074" indent="&#160;">
			<text>al</text>
			<text> </text>
			<text>engine</text>
			<text>:</text>
			<text> </text>
			<text>set</text>
			<text> </text>
			<text>plugin</text>
			<text> </text>
			<var>$plugin.ID</var>
			<text> </text>
			<text>timer</text>
			<text> </text>
			<text>interval</text>
			<text> </text>
			<text>to</text>
			<text> </text>
			<var>30</var>
			<text> </text>
			<text>s</text>
		</line>
		<line linenr="075" indent="">
			<text>else</text>
			<text> </text>
			<text>if</text>
			<text> </text>
			<var>$plugin.event</var>
			<text> </text>
			<text>==</text>
			<text> </text>
			<text>'timer'</text>
		</line>
		<line linenr="076" indent="&#160;">
			<comment>* The event script is called every interval</comment>
		</line>
		<line linenr="077" indent="&#160;">
			<text>if</text>
			<text> </text>
			<var>$plugin.Vars</var>
			<text>[</text>
			<var>$VARIDX_ENABLED</var>
			<text>]</text>
		</line>
		<line linenr="078" indent="&#160;&#160;">
			<text>if</text>
			<text> </text>
			<text>not</text>
			<text> </text>
			<var>$plugin.Vars</var>
			<text>[</text>
			<var>$VARIDX_PROTECT</var>
			<text>]</text>
		</line>
		<line linenr="079" indent="&#160;&#160;&#160;">
			<var>$plugin.Vars</var>
			<text>[</text>
			<var>$VARIDX_PROTECT</var>
			<text>]</text>
			<text> </text>
			<text>=</text>
			<text> </text>
			<var>[TRUE]</var>
		</line>
		<line linenr="080" indent="&#160;&#160;&#160;">
			<text>gosub</text>
			<text> </text>
			<var>check_sector</var>
			<text>:</text>
		</line>
		<line linenr="081" indent="&#160;&#160;&#160;">
			<var>$plugin.Vars</var>
			<text>[</text>
			<var>$VARIDX_PROTECT</var>
			<text>]</text>
			<text> </text>
			<text>=</text>
			<text> </text>
			<var>[FALSE]</var>
		</line>
		<line linenr="082" indent="&#160;&#160;">
			<text>end</text>
		</line>
		<line linenr="083" indent="&#160;">
			<text>end</text>
		</line>
		<line linenr="084" indent="">
			<text>end</text>
		</line>
		<line linenr="085" indent="" />
		<line linenr="086" indent="">
			<text>return</text>
			<text> </text>
			<var>null</var>
		</line>
		<line linenr="087" indent="" />
		<line linenr="088" indent="">
			<var>protect_sector</var>
			<text>:</text>
		</line>
		<line linenr="089" indent="&#160;">
			<var>$player.sector</var>
			<text> </text>
			<text>=</text>
			<text> </text>
			<var>[PLAYERSHIP]</var>
			<text> </text>
			<text>-&gt;</text>
			<text> </text>
			<text>get</text>
			<text> </text>
			<text>sector</text>
		</line>
		<line linenr="090" indent="&#160;">
			<var>$plugin.Vars</var>
			<text>[</text>
			<var>$VARIDX_SECTOR</var>
			<text>]</text>
			<text> </text>
			<text>=</text>
			<text> </text>
			<var>$player.sector</var>
		</line>
		<line linenr="091" indent="&#160;">
			<var>$roids</var>
			<text> </text>
			<text>=</text>
			<text> </text>
			<text>find</text>
			<text> </text>
			<text>asteroid</text>
			<text>:</text>
			<text> </text>
			<text>sector</text>
			<text>=</text>
			<var>$player.sector</var>
			<text> </text>
			<text>resourcetype</text>
			<text>=</text>
			<var>null</var>
			<text> </text>
			<text>min.yield</text>
			<text>=</text>
			<var>null</var>
			<text> </text>
			<text>flags</text>
			<text>=</text>
			<var>[Find.Multiple]</var>
			<text> </text>
			<text>refobj</text>
			<text>=</text>
			<var>null</var>
			<text> </text>
			<text>maxdist</text>
			<text>=</text>
			<var>null</var>
			<text> </text>
			<text>maxnum</text>
			<text>=</text>
			<var>999</var>
			<text> </text>
			<text>refpos</text>
			<text>=</text>
			<var>null</var>
		</line>
		<line linenr="092" indent="&#160;">
			<var>$XS.Iterator1</var>
			<text> </text>
			<text>=</text>
			<text> </text>
			<text>size</text>
			<text> </text>
			<text>of</text>
			<text> </text>
			<text>array</text>
			<text> </text>
			<var>$roids</var>
		</line>
		<line linenr="093" indent="&#160;&#160;">
			<text>while</text>
			<text> </text>
			<var>$XS.Iterator1</var>
		</line>
		<line linenr="094" indent="&#160;&#160;">
			<text>dec</text>
			<text> </text>
			<var>$XS.Iterator1</var>
		</line>
		<line linenr="095" indent="&#160;">
			<var>$roid</var>
			<text> </text>
			<text>=</text>
			<text> </text>
			<var>$roids</var>
			<text>[</text>
			<var>$XS.Iterator1</var>
			<text>]</text>
		</line>
		<line linenr="096" indent="">
			<var>$roid</var>
			<text> </text>
			<text>-&gt;</text>
			<text> </text>
			<text>ignore</text>
			<text> </text>
			<text>collisions</text>
			<text>:</text>
			<text> </text>
			<var>[TRUE]</var>
		</line>
		<line linenr="097" indent="">
			<text>append</text>
			<text> </text>
			<var>$roid</var>
			<text> </text>
			<text>to</text>
			<text> </text>
			<text>array</text>
			<text> </text>
			<var>$asteroids.protected</var>
		</line>
		<line linenr="098" indent="">
			<text>end</text>
		</line>
		<line linenr="099" indent="&#160;">
			<text>endsub</text>
		</line>
		<line linenr="100" indent="&#160;&#160;" />
		<line linenr="101" indent="&#160;&#160;">
			<var>unprotect_sector</var>
			<text>:</text>
		</line>
		<line linenr="102" indent="&#160;">
			<var>$x</var>
			<text> </text>
			<text>=</text>
			<text> </text>
			<text>size</text>
			<text> </text>
			<text>of</text>
			<text> </text>
			<text>array</text>
			<text> </text>
			<var>$asteroids.protected</var>
		</line>
		<line linenr="103" indent="&#160;">
			<text>while</text>
			<text> </text>
			<var>$x</var>
		</line>
		<line linenr="104" indent="">
			<text>dec</text>
			<text> </text>
			<var>$x</var>
		</line>
		<line linenr="105" indent="">
			<var>$roid</var>
			<text> </text>
			<text>=</text>
			<text> </text>
			<var>$asteroids.protected</var>
			<text>[</text>
			<var>$x</var>
			<text>]</text>
		</line>
		<line linenr="106" indent="">
			<var>$roid</var>
			<text> </text>
			<text>-&gt;</text>
			<text> </text>
			<text>ignore</text>
			<text> </text>
			<text>collisions</text>
			<text>:</text>
			<text> </text>
			<var>[FALSE]</var>
		</line>
		<line linenr="107" indent="&#160;">
			<text>remove</text>
			<text> </text>
			<text>element</text>
			<text> </text>
			<text>from</text>
			<text> </text>
			<text>array</text>
			<text> </text>
			<var>$asteroids.protected</var>
			<text> </text>
			<text>at</text>
			<text> </text>
			<text>index</text>
			<text> </text>
			<var>$x</var>
		</line>
		<line linenr="108" indent="&#160;">
			<text>end</text>
		</line>
		<line linenr="109" indent="&#160;">
			<var>$plugin.Vars</var>
			<text>[</text>
			<var>$VARIDX_SECTOR</var>
			<text>]</text>
			<text> </text>
			<text>=</text>
			<text> </text>
			<var>null</var>
		</line>
		<line linenr="110" indent="&#160;&#160;">
			<text>endsub</text>
		</line>
		<line linenr="111" indent="&#160;&#160;" />
		<line linenr="112" indent="&#160;">
			<var>check_sector</var>
			<text>:</text>
		</line>
		<line linenr="113" indent="">
			<var>$protect.sector</var>
			<text> </text>
			<text>=</text>
			<text> </text>
			<var>$plugin.Vars</var>
			<text>[</text>
			<var>$VARIDX_SECTOR</var>
			<text>]</text>
		</line>
		<line linenr="114" indent="">
			<var>$player.sector</var>
			<text> </text>
			<text>=</text>
			<text> </text>
			<var>[PLAYERSHIP]</var>
			<text> </text>
			<text>-&gt;</text>
			<text> </text>
			<text>get</text>
			<text> </text>
			<text>sector</text>
		</line>
		<line linenr="115" indent="">
			<text>if</text>
			<text> </text>
			<var>$player.sector</var>
			<text> </text>
			<text>!=</text>
			<text> </text>
			<var>$protect.sector</var>
		</line>
		<line linenr="116" indent="">
			<text>gosub</text>
			<text> </text>
			<var>unprotect_sector</var>
			<text>:</text>
		</line>
		<line linenr="117" indent="">
			<text>gosub</text>
			<text> </text>
			<var>protect_sector</var>
			<text>:</text>
		</line>
		<line linenr="118" indent="">
			<text>end</text>
		</line>
		<line linenr="119" indent="">
			<text>endsub</text>
		</line>
	</sourcetext>
	<codearray>
		<sval type="array" size="10">
			<sval type="string" val="al.plugin.zanzal.asteroidprotector" />
			<sval type="int" val="50" />
			<sval type="string" val="" />
			<sval type="int" val="1" />
			<sval type="int" val="0" />
			<sval type="array" size="16">
				<sval type="string" val="plugin.ID" />
				<sval type="string" val="plugin.event" />
				<sval type="string" val="VARIDX_VERSION" />
				<sval type="string" val="VARIDX_ENABLED" />
				<sval type="string" val="VARIDX_ASTEROIDS" />
				<sval type="string" val="VARIDX_PROTECT" />
				<sval type="string" val="VARIDX_SECTOR" />
				<sval type="string" val="plugin.Vars" />
				<sval type="string" val="asteroids.protected" />
				<sval type="string" val="enabled" />
				<sval type="string" val="player.sector" />
				<sval type="string" val="roids" />
				<sval type="string" val="roid" />
				<sval type="string" val="XS.Iterator1" />
				<sval type="string" val="x" />
				<sval type="string" val="protect.sector" />
			</sval>
			<sval type="array" size="80">
				<sval type="array" size="25">
					<sval type="int" val="104" />
					<sval type="int" val="-1610611965" />
					<sval type="int" val="7" />
					<sval type="int" val="131074" />
					<sval type="int" val="0" />
					<sval type="int" val="0" />
					<sval type="int" val="0" />
					<sval type="int" val="15" />
					<sval type="int" val="0" />
					<sval type="int" val="131074" />
					<sval type="int" val="1" />
					<sval type="int" val="0" />
					<sval type="int" val="0" />
					<sval type="int" val="15" />
					<sval type="int" val="0" />
					<sval type="int" val="15" />
					<sval type="int" val="9" />
					<sval type="int" val="7" />
					<sval type="int" val="-1" />
					<sval type="int" val="0" />
					<sval type="int" val="-2" />
					<sval type="int" val="9" />
					<sval type="int" val="-4" />
					<sval type="int" val="0" />
					<sval type="int" val="-5" />
				</sval>
				<sval type="array" size="2">
					<sval type="int" val="1000" />
					<sval type="string" val="al.plugin.zanzal.asteroidprotector" />
				</sval>
				<sval type="array" size="3">
					<sval type="int" val="103" />
					<sval type="int" val="0" />
					<sval type="int" val="0" />
				</sval>
				<sval type="array" size="7">
					<sval type="int" val="104" />
					<sval type="int" val="2" />
					<sval type="int" val="1" />
					<sval type="int" val="4" />
					<sval type="int" val="0" />
					<sval type="int" val="1" />
					<sval type="int" val="-1" />
				</sval>
				<sval type="array" size="7">
					<sval type="int" val="104" />
					<sval type="int" val="3" />
					<sval type="int" val="1" />
					<sval type="int" val="4" />
					<sval type="int" val="1" />
					<sval type="int" val="1" />
					<sval type="int" val="-1" />
				</sval>
				<sval type="array" size="7">
					<sval type="int" val="104" />
					<sval type="int" val="4" />
					<sval type="int" val="1" />
					<sval type="int" val="4" />
					<sval type="int" val="2" />
					<sval type="int" val="1" />
					<sval type="int" val="-1" />
				</sval>
				<sval type="array" size="7">
					<sval type="int" val="104" />
					<sval type="int" val="5" />
					<sval type="int" val="1" />
					<sval type="int" val="4" />
					<sval type="int" val="3" />
					<sval type="int" val="1" />
					<sval type="int" val="-1" />
				</sval>
				<sval type="array" size="7">
					<sval type="int" val="104" />
					<sval type="int" val="6" />
					<sval type="int" val="1" />
					<sval type="int" val="4" />
					<sval type="int" val="4" />
					<sval type="int" val="1" />
					<sval type="int" val="-1" />
				</sval>
				<sval type="array" size="4">
					<sval type="int" val="158" />
					<sval type="int" val="131074" />
					<sval type="int" val="0" />
					<sval type="int" val="7" />
				</sval>
				<sval type="array" size="7">
					<sval type="int" val="104" />
					<sval type="int" val="-536866044" />
					<sval type="int" val="1" />
					<sval type="int" val="131074" />
					<sval type="int" val="7" />
					<sval type="int" val="1" />
					<sval type="int" val="-1" />
				</sval>
				<sval type="array" size="4">
					<sval type="int" val="128" />
					<sval type="int" val="7" />
					<sval type="int" val="4" />
					<sval type="int" val="10" />
				</sval>
				<sval type="array" size="5">
					<sval type="int" val="157" />
					<sval type="int" val="131074" />
					<sval type="int" val="0" />
					<sval type="int" val="131074" />
					<sval type="int" val="7" />
				</sval>
				<sval type="array" size="7">
					<sval type="int" val="130" />
					<sval type="int" val="131074" />
					<sval type="int" val="7" />
					<sval type="int" val="131074" />
					<sval type="int" val="2" />
					<sval type="int" val="4" />
					<sval type="int" val="0" />
				</sval>
				<sval type="array" size="7">
					<sval type="int" val="130" />
					<sval type="int" val="131074" />
					<sval type="int" val="7" />
					<sval type="int" val="131074" />
					<sval type="int" val="3" />
					<sval type="int" val="131075" />
					<sval type="int" val="9" />
				</sval>
				<sval type="array" size="4">
					<sval type="int" val="128" />
					<sval type="int" val="8" />
					<sval type="int" val="4" />
					<sval type="int" val="0" />
				</sval>
				<sval type="array" size="7">
					<sval type="int" val="130" />
					<sval type="int" val="131074" />
					<sval type="int" val="7" />
					<sval type="int" val="131074" />
					<sval type="int" val="4" />
					<sval type="int" val="131074" />
					<sval type="int" val="8" />
				</sval>
				<sval type="array" size="7">
					<sval type="int" val="130" />
					<sval type="int" val="131074" />
					<sval type="int" val="7" />
					<sval type="int" val="131074" />
					<sval type="int" val="5" />
					<sval type="int" val="131075" />
					<sval type="int" val="9" />
				</sval>
				<sval type="array" size="7">
					<sval type="int" val="130" />
					<sval type="int" val="131074" />
					<sval type="int" val="7" />
					<sval type="int" val="131074" />
					<sval type="int" val="6" />
					<sval type="int" val="0" />
					<sval type="int" val="0" />
				</sval>
				<sval type="array" size="2">
					<sval type="int" val="112" />
					<sval type="int" val="20" />
				</sval>
				<sval type="array" size="6">
					<sval type="int" val="129" />
					<sval type="int" val="8" />
					<sval type="int" val="131074" />
					<sval type="int" val="7" />
					<sval type="int" val="131074" />
					<sval type="int" val="4" />
				</sval>
				<sval type="array" size="25">
					<sval type="int" val="104" />
					<sval type="int" val="-1610605821" />
					<sval type="int" val="7" />
					<sval type="int" val="131074" />
					<sval type="int" val="1" />
					<sval type="int" val="5" />
					<sval type="string" val="init" />
					<sval type="int" val="15" />
					<sval type="int" val="0" />
					<sval type="int" val="131074" />
					<sval type="int" val="1" />
					<sval type="int" val="5" />
					<sval type="string" val="reinit" />
					<sval type="int" val="15" />
					<sval type="int" val="0" />
					<sval type="int" val="15" />
					<sval type="int" val="10" />
					<sval type="int" val="7" />
					<sval type="int" val="-1" />
					<sval type="int" val="0" />
					<sval type="int" val="-2" />
					<sval type="int" val="10" />
					<sval type="int" val="-4" />
					<sval type="int" val="0" />
					<sval type="int" val="-5" />
				</sval>
				<sval type="array" size="5">
					<sval type="int" val="1024" />
					<sval type="int" val="131074" />
					<sval type="int" val="0" />
					<sval type="int" val="5" />
					<sval type="string" val="Asteroid Protector" />
				</sval>
				<sval type="array" size="6">
					<sval type="int" val="129" />
					<sval type="int" val="-536864508" />
					<sval type="int" val="131074" />
					<sval type="int" val="7" />
					<sval type="int" val="131074" />
					<sval type="int" val="3" />
				</sval>
				<sval type="array" size="5">
					<sval type="int" val="1025" />
					<sval type="int" val="131074" />
					<sval type="int" val="0" />
					<sval type="int" val="4" />
					<sval type="int" val="30" />
				</sval>
				<sval type="array" size="2">
					<sval type="int" val="112" />
					<sval type="int" val="26" />
				</sval>
				<sval type="array" size="5">
					<sval type="int" val="1025" />
					<sval type="int" val="131074" />
					<sval type="int" val="0" />
					<sval type="int" val="4" />
					<sval type="int" val="2" />
				</sval>
				<sval type="array" size="2">
					<sval type="int" val="112" />
					<sval type="int" val="50" />
				</sval>
				<sval type="array" size="13">
					<sval type="int" val="104" />
					<sval type="int" val="-1610604539" />
					<sval type="int" val="3" />
					<sval type="int" val="131074" />
					<sval type="int" val="1" />
					<sval type="int" val="5" />
					<sval type="string" val="isenabled" />
					<sval type="int" val="15" />
					<sval type="int" val="0" />
					<sval type="int" val="3" />
					<sval type="int" val="-1" />
					<sval type="int" val="0" />
					<sval type="int" val="-2" />
				</sval>
				<sval type="array" size="5">
					<sval type="int" val="1024" />
					<sval type="int" val="131074" />
					<sval type="int" val="0" />
					<sval type="int" val="5" />
					<sval type="string" val="Asteroid Protector" />
				</sval>
				<sval type="array" size="6">
					<sval type="int" val="129" />
					<sval type="int" val="9" />
					<sval type="int" val="131074" />
					<sval type="int" val="7" />
					<sval type="int" val="131074" />
					<sval type="int" val="3" />
				</sval>
				<sval type="array" size="3">
					<sval type="int" val="103" />
					<sval type="int" val="131074" />
					<sval type="int" val="9" />
				</sval>
				<sval type="array" size="2">
					<sval type="int" val="112" />
					<sval type="int" val="50" />
				</sval>
				<sval type="array" size="13">
					<sval type="int" val="104" />
					<sval type="int" val="-1610603003" />
					<sval type="int" val="3" />
					<sval type="int" val="131074" />
					<sval type="int" val="1" />
					<sval type="int" val="5" />
					<sval type="string" val="start" />
					<sval type="int" val="15" />
					<sval type="int" val="0" />
					<sval type="int" val="3" />
					<sval type="int" val="-1" />
					<sval type="int" val="0" />
					<sval type="int" val="-2" />
				</sval>
				<sval type="array" size="6">
					<sval type="int" val="129" />
					<sval type="int" val="-536861692" />
					<sval type="int" val="131074" />
					<sval type="int" val="7" />
					<sval type="int" val="131074" />
					<sval type="int" val="3" />
				</sval>
				<sval type="array" size="7">
					<sval type="int" val="130" />
					<sval type="int" val="131074" />
					<sval type="int" val="7" />
					<sval type="int" val="131074" />
					<sval type="int" val="3" />
					<sval type="int" val="131075" />
					<sval type="int" val="10" />
				</sval>
				<sval type="array" size="2">
					<sval type="int" val="1167" />
					<sval type="int" val="51" />
				</sval>
				<sval type="array" size="5">
					<sval type="int" val="1025" />
					<sval type="int" val="131074" />
					<sval type="int" val="0" />
					<sval type="int" val="4" />
					<sval type="int" val="2" />
				</sval>
				<sval type="array" size="2">
					<sval type="int" val="112" />
					<sval type="int" val="50" />
				</sval>
				<sval type="array" size="13">
					<sval type="int" val="104" />
					<sval type="int" val="-1610601467" />
					<sval type="int" val="3" />
					<sval type="int" val="131074" />
					<sval type="int" val="1" />
					<sval type="int" val="5" />
					<sval type="string" val="stop" />
					<sval type="int" val="15" />
					<sval type="int" val="0" />
					<sval type="int" val="3" />
					<sval type="int" val="-1" />
					<sval type="int" val="0" />
					<sval type="int" val="-2" />
				</sval>
				<sval type="array" size="6">
					<sval type="int" val="129" />
					<sval type="int" val="-1610601981" />
					<sval type="int" val="131074" />
					<sval type="int" val="7" />
					<sval type="int" val="131074" />
					<sval type="int" val="3" />
				</sval>
				<sval type="array" size="7">
					<sval type="int" val="130" />
					<sval type="int" val="131074" />
					<sval type="int" val="7" />
					<sval type="int" val="131074" />
					<sval type="int" val="3" />
					<sval type="int" val="131075" />
					<sval type="int" val="9" />
				</sval>
				<sval type="array" size="2">
					<sval type="int" val="1167" />
					<sval type="int" val="63" />
				</sval>
				<sval type="array" size="5">
					<sval type="int" val="1025" />
					<sval type="int" val="131074" />
					<sval type="int" val="0" />
					<sval type="int" val="4" />
					<sval type="int" val="30" />
				</sval>
				<sval type="array" size="2">
					<sval type="int" val="112" />
					<sval type="int" val="50" />
				</sval>
				<sval type="array" size="13">
					<sval type="int" val="104" />
					<sval type="int" val="-1610599931" />
					<sval type="int" val="3" />
					<sval type="int" val="131074" />
					<sval type="int" val="1" />
					<sval type="int" val="5" />
					<sval type="string" val="timer" />
					<sval type="int" val="15" />
					<sval type="int" val="0" />
					<sval type="int" val="3" />
					<sval type="int" val="-1" />
					<sval type="int" val="0" />
					<sval type="int" val="-2" />
				</sval>
				<sval type="array" size="6">
					<sval type="int" val="129" />
					<sval type="int" val="-1610599933" />
					<sval type="int" val="131074" />
					<sval type="int" val="7" />
					<sval type="int" val="131074" />
					<sval type="int" val="3" />
				</sval>
				<sval type="array" size="6">
					<sval type="int" val="129" />
					<sval type="int" val="-536858108" />
					<sval type="int" val="131074" />
					<sval type="int" val="7" />
					<sval type="int" val="131074" />
					<sval type="int" val="5" />
				</sval>
				<sval type="array" size="7">
					<sval type="int" val="130" />
					<sval type="int" val="131074" />
					<sval type="int" val="7" />
					<sval type="int" val="131074" />
					<sval type="int" val="5" />
					<sval type="int" val="131075" />
					<sval type="int" val="10" />
				</sval>
				<sval type="array" size="2">
					<sval type="int" val="1167" />
					<sval type="int" val="73" />
				</sval>
				<sval type="array" size="7">
					<sval type="int" val="130" />
					<sval type="int" val="131074" />
					<sval type="int" val="7" />
					<sval type="int" val="131074" />
					<sval type="int" val="5" />
					<sval type="int" val="131075" />
					<sval type="int" val="9" />
				</sval>
				<sval type="array" size="3">
					<sval type="int" val="103" />
					<sval type="int" val="0" />
					<sval type="int" val="0" />
				</sval>
				<sval type="array" size="2">
					<sval type="int" val="101" />
					<sval type="string" val="protect_sector" />
				</sval>
				<sval type="array" size="4">
					<sval type="int" val="703" />
					<sval type="int" val="131075" />
					<sval type="int" val="3" />
					<sval type="int" val="10" />
				</sval>
				<sval type="array" size="7">
					<sval type="int" val="130" />
					<sval type="int" val="131074" />
					<sval type="int" val="7" />
					<sval type="int" val="131074" />
					<sval type="int" val="6" />
					<sval type="int" val="131074" />
					<sval type="int" val="10" />
				</sval>
				<sval type="array" size="18">
					<sval type="int" val="758" />
					<sval type="int" val="11" />
					<sval type="int" val="131074" />
					<sval type="int" val="10" />
					<sval type="int" val="0" />
					<sval type="int" val="0" />
					<sval type="int" val="0" />
					<sval type="int" val="0" />
					<sval type="int" val="131075" />
					<sval type="int" val="111" />
					<sval type="int" val="0" />
					<sval type="int" val="0" />
					<sval type="int" val="0" />
					<sval type="int" val="0" />
					<sval type="int" val="4" />
					<sval type="int" val="999" />
					<sval type="int" val="0" />
					<sval type="int" val="0" />
				</sval>
				<sval type="array" size="4">
					<sval type="int" val="131" />
					<sval type="int" val="13" />
					<sval type="int" val="131074" />
					<sval type="int" val="11" />
				</sval>
				<sval type="array" size="7">
					<sval type="int" val="104" />
					<sval type="int" val="-1610596855" />
					<sval type="int" val="1" />
					<sval type="int" val="131074" />
					<sval type="int" val="13" />
					<sval type="int" val="1" />
					<sval type="int" val="-1" />
				</sval>
				<sval type="array" size="2">
					<sval type="int" val="143" />
					<sval type="int" val="13" />
				</sval>
				<sval type="array" size="6">
					<sval type="int" val="129" />
					<sval type="int" val="12" />
					<sval type="int" val="131074" />
					<sval type="int" val="11" />
					<sval type="int" val="131074" />
					<sval type="int" val="13" />
				</sval>
				<sval type="array" size="5">
					<sval type="int" val="1221" />
					<sval type="int" val="131074" />
					<sval type="int" val="12" />
					<sval type="int" val="131075" />
					<sval type="int" val="10" />
				</sval>
				<sval type="array" size="5">
					<sval type="int" val="135" />
					<sval type="int" val="131074" />
					<sval type="int" val="8" />
					<sval type="int" val="131074" />
					<sval type="int" val="12" />
				</sval>
				<sval type="array" size="2">
					<sval type="int" val="112" />
					<sval type="int" val="56" />
				</sval>
				<sval type="array" size="1">
					<sval type="int" val="1168" />
				</sval>
				<sval type="array" size="2">
					<sval type="int" val="101" />
					<sval type="string" val="unprotect_sector" />
				</sval>
				<sval type="array" size="4">
					<sval type="int" val="131" />
					<sval type="int" val="14" />
					<sval type="int" val="131074" />
					<sval type="int" val="8" />
				</sval>
				<sval type="array" size="7">
					<sval type="int" val="104" />
					<sval type="int" val="-1610594551" />
					<sval type="int" val="1" />
					<sval type="int" val="131074" />
					<sval type="int" val="14" />
					<sval type="int" val="1" />
					<sval type="int" val="-1" />
				</sval>
				<sval type="array" size="2">
					<sval type="int" val="143" />
					<sval type="int" val="14" />
				</sval>
				<sval type="array" size="6">
					<sval type="int" val="129" />
					<sval type="int" val="12" />
					<sval type="int" val="131074" />
					<sval type="int" val="8" />
					<sval type="int" val="131074" />
					<sval type="int" val="14" />
				</sval>
				<sval type="array" size="5">
					<sval type="int" val="1221" />
					<sval type="int" val="131074" />
					<sval type="int" val="12" />
					<sval type="int" val="131075" />
					<sval type="int" val="9" />
				</sval>
				<sval type="array" size="5">
					<sval type="int" val="136" />
					<sval type="int" val="131074" />
					<sval type="int" val="8" />
					<sval type="int" val="131074" />
					<sval type="int" val="14" />
				</sval>
				<sval type="array" size="2">
					<sval type="int" val="112" />
					<sval type="int" val="65" />
				</sval>
				<sval type="array" size="7">
					<sval type="int" val="130" />
					<sval type="int" val="131074" />
					<sval type="int" val="7" />
					<sval type="int" val="131074" />
					<sval type="int" val="6" />
					<sval type="int" val="0" />
					<sval type="int" val="0" />
				</sval>
				<sval type="array" size="1">
					<sval type="int" val="1168" />
				</sval>
				<sval type="array" size="2">
					<sval type="int" val="101" />
					<sval type="string" val="check_sector" />
				</sval>
				<sval type="array" size="6">
					<sval type="int" val="129" />
					<sval type="int" val="15" />
					<sval type="int" val="131074" />
					<sval type="int" val="7" />
					<sval type="int" val="131074" />
					<sval type="int" val="6" />
				</sval>
				<sval type="array" size="4">
					<sval type="int" val="703" />
					<sval type="int" val="131075" />
					<sval type="int" val="3" />
					<sval type="int" val="10" />
				</sval>
				<sval type="array" size="13">
					<sval type="int" val="104" />
					<sval type="int" val="-1610592509" />
					<sval type="int" val="3" />
					<sval type="int" val="131074" />
					<sval type="int" val="10" />
					<sval type="int" val="131074" />
					<sval type="int" val="15" />
					<sval type="int" val="15" />
					<sval type="int" val="1" />
					<sval type="int" val="3" />
					<sval type="int" val="-1" />
					<sval type="int" val="1" />
					<sval type="int" val="-2" />
				</sval>
				<sval type="array" size="2">
					<sval type="int" val="1167" />
					<sval type="int" val="63" />
				</sval>
				<sval type="array" size="2">
					<sval type="int" val="1167" />
					<sval type="int" val="51" />
				</sval>
				<sval type="array" size="1">
					<sval type="int" val="1168" />
				</sval>
			</sval>
			<sval type="array" size="2">
				<sval type="array" size="2">
					<sval type="int" val="9" />
					<sval type="string" val="" />
				</sval>
				<sval type="array" size="2">
					<sval type="int" val="9" />
					<sval type="string" val="" />
				</sval>
			</sval>
			<sval type="array" size="47">
				<sval type="array" size="3">
					<sval type="int" val="0" />
					<sval type="int" val="1" />
					<sval type="string" val="************************************************" />
				</sval>
				<sval type="array" size="3">
					<sval type="int" val="0" />
					<sval type="int" val="1" />
					<sval type="string" val="SCRIPT NAME: al.plugin.zanzal.asteroidprotector.xml" />
				</sval>
				<sval type="array" size="3">
					<sval type="int" val="0" />
					<sval type="int" val="1" />
					<sval type="string" val="DESCRIPTION: " />
				</sval>
				<sval type="array" size="3">
					<sval type="int" val="0" />
					<sval type="int" val="1" />
					<sval type="string" val="" />
				</sval>
				<sval type="array" size="3">
					<sval type="int" val="0" />
					<sval type="int" val="1" />
					<sval type="string" val="AUTHOR: Zanzal         DATE: 27 January 2014" />
				</sval>
				<sval type="array" size="3">
					<sval type="int" val="0" />
					<sval type="int" val="1" />
					<sval type="string" val="************************************************" />
				</sval>
				<sval type="array" size="3">
					<sval type="int" val="0" />
					<sval type="int" val="1" />
					<sval type="string" val="ATTRIBUTIONS = Code used from these authors:" />
				</sval>
				<sval type="array" size="3">
					<sval type="int" val="0" />
					<sval type="int" val="1" />
					<sval type="string" val="Serial Kicked - Template taken from SK's ECS example 'dummy' scripts" />
				</sval>
				<sval type="array" size="3">
					<sval type="int" val="0" />
					<sval type="int" val="1" />
					<sval type="string" val="Gazz - A few lines from one of Gazz's scripts thrown in for good measure" />
				</sval>
				<sval type="array" size="3">
					<sval type="int" val="0" />
					<sval type="int" val="1" />
					<sval type="string" val="************************************************" />
				</sval>
				<sval type="array" size="3">
					<sval type="int" val="0" />
					<sval type="int" val="1" />
					<sval type="string" val="LICENSE: CC-BY-SA 4.0 International - http://creativecommons.org/licenses/by-sa/4.0/legalcode" />
				</sval>
				<sval type="array" size="3">
					<sval type="int" val="0" />
					<sval type="int" val="1" />
					<sval type="string" val="************************************************" />
				</sval>
				<sval type="array" size="2">
					<sval type="int" val="0" />
					<sval type="int" val="2" />
				</sval>
				<sval type="array" size="3">
					<sval type="int" val="0" />
					<sval type="int" val="1" />
					<sval type="string" val="These 4 lines I used from Gazz's follow me script. " />
				</sval>
				<sval type="array" size="2">
					<sval type="int" val="3" />
					<sval type="int" val="4" />
				</sval>
				<sval type="array" size="2">
					<sval type="int" val="3" />
					<sval type="int" val="2" />
				</sval>
				<sval type="array" size="3">
					<sval type="int" val="3" />
					<sval type="int" val="1" />
					<sval type="string" val="NOTE: I am not sure why other plugins use a stub that registers a different " />
				</sval>
				<sval type="array" size="3">
					<sval type="int" val="3" />
					<sval type="int" val="1" />
					<sval type="string" val="script instead of just putting it in the main. Even ECS does it like that..." />
				</sval>
				<sval type="array" size="2">
					<sval type="int" val="3" />
					<sval type="int" val="2" />
				</sval>
				<sval type="array" size="3">
					<sval type="int" val="3" />
					<sval type="int" val="1" />
					<sval type="string" val="Indexes for our plugin global data array to help make code easier to understand." />
				</sval>
				<sval type="array" size="3">
					<sval type="int" val="12" />
					<sval type="int" val="1" />
					<sval type="string" val="Plugin Data Version" />
				</sval>
				<sval type="array" size="3">
					<sval type="int" val="13" />
					<sval type="int" val="1" />
					<sval type="string" val="Plugin Off by Default" />
				</sval>
				<sval type="array" size="3">
					<sval type="int" val="15" />
					<sval type="int" val="1" />
					<sval type="string" val="Plugin Off by Default" />
				</sval>
				<sval type="array" size="3">
					<sval type="int" val="16" />
					<sval type="int" val="1" />
					<sval type="string" val="AL pileup protection" />
				</sval>
				<sval type="array" size="3">
					<sval type="int" val="17" />
					<sval type="int" val="1" />
					<sval type="string" val="Protected Sector" />
				</sval>
				<sval type="array" size="2">
					<sval type="int" val="19" />
					<sval type="int" val="5" />
				</sval>
				<sval type="array" size="2">
					<sval type="int" val="20" />
					<sval type="int" val="4" />
				</sval>
				<sval type="array" size="2">
					<sval type="int" val="20" />
					<sval type="int" val="2" />
				</sval>
				<sval type="array" size="3">
					<sval type="int" val="21" />
					<sval type="int" val="1" />
					<sval type="string" val="init and reinit are run every time the game loads" />
				</sval>
				<sval type="array" size="2">
					<sval type="int" val="25" />
					<sval type="int" val="5" />
				</sval>
				<sval type="array" size="2">
					<sval type="int" val="26" />
					<sval type="int" val="4" />
				</sval>
				<sval type="array" size="3">
					<sval type="int" val="28" />
					<sval type="int" val="1" />
					<sval type="string" val="assume this is called by the X3 engine to check if the AL script is running." />
				</sval>
				<sval type="array" size="3">
					<sval type="int" val="33" />
					<sval type="int" val="1" />
					<sval type="string" val="Use this area to process special instructions when the plugin is toggled on" />
				</sval>
				<sval type="array" size="2">
					<sval type="int" val="36" />
					<sval type="int" val="4" />
				</sval>
				<sval type="array" size="3">
					<sval type="int" val="39" />
					<sval type="int" val="1" />
					<sval type="string" val="Use this area to process special instructions when the plugin is toggled off" />
				</sval>
				<sval type="array" size="2">
					<sval type="int" val="42" />
					<sval type="int" val="4" />
				</sval>
				<sval type="array" size="3">
					<sval type="int" val="45" />
					<sval type="int" val="1" />
					<sval type="string" val="The event script is called every interval" />
				</sval>
				<sval type="array" size="2">
					<sval type="int" val="50" />
					<sval type="int" val="4" />
				</sval>
				<sval type="array" size="2">
					<sval type="int" val="50" />
					<sval type="int" val="4" />
				</sval>
				<sval type="array" size="2">
					<sval type="int" val="50" />
					<sval type="int" val="4" />
				</sval>
				<sval type="array" size="2">
					<sval type="int" val="50" />
					<sval type="int" val="2" />
				</sval>
				<sval type="array" size="2">
					<sval type="int" val="51" />
					<sval type="int" val="2" />
				</sval>
				<sval type="array" size="2">
					<sval type="int" val="62" />
					<sval type="int" val="4" />
				</sval>
				<sval type="array" size="2">
					<sval type="int" val="63" />
					<sval type="int" val="2" />
				</sval>
				<sval type="array" size="2">
					<sval type="int" val="71" />
					<sval type="int" val="4" />
				</sval>
				<sval type="array" size="2">
					<sval type="int" val="73" />
					<sval type="int" val="2" />
				</sval>
				<sval type="array" size="2">
					<sval type="int" val="79" />
					<sval type="int" val="4" />
				</sval>
			</sval>
			<sval type="int" val="0" />
		</sval>
	</codearray>
</script>
